{
  "statistics": {
    "total_concepts": 97,
    "total_clusters": 33,
    "total_hierarchy_nodes": 131,
    "hierarchy_max_depth": 3,
    "hierarchy_avg_depth": 2.045801526717557,
    "cluster_avg_size": 2.9393939393939394,
    "cluster_avg_coherence": 0.6723167053303672,
    "relationships_total": 547,
    "relationships_by_type": {
      "lexical": 535,
      "causal": 0,
      "compositional": 12,
      "temporal": 0
    },
    "avg_connectivity_score": 0.5618556701030928,
    "avg_relationships_per_concept": 5.639175257731959
  },
  "performance_metrics": {
    "start_time": 1756688664.1522808,
    "end_time": null,
    "processing_stages": {
      "data_loading": 0.015906333923339844,
      "clustering": 0.06035280227661133,
      "hierarchy": 0.008003473281860352,
      "relationships": 0.4409019947052002,
      "enhancement": 0.0020058155059814453,
      "statistics": 0.0,
      "api_creation": 0.0
    }
  },
  "timestamp": "2025-08-31T20:04:24.708849"
}