{
  "statistics": {
    "total_concepts": 97,
    "total_clusters": 33,
    "total_hierarchy_nodes": 131,
    "hierarchy_max_depth": 3,
    "hierarchy_avg_depth": 2.045801526717557,
    "cluster_avg_size": 2.9393939393939394,
    "cluster_avg_coherence": 0.6723167053303672,
    "relationships_total": 547,
    "relationships_by_type": {
      "lexical": 535,
      "causal": 0,
      "compositional": 12,
      "temporal": 0
    },
    "avg_connectivity_score": 0.5618556701030928,
    "avg_relationships_per_concept": 5.639175257731959
  },
  "performance_metrics": {
    "start_time": 1756584352.8670213,
    "end_time": null,
    "processing_stages": {
      "data_loading": 0.005980730056762695,
      "clustering": 0.059952497482299805,
      "hierarchy": 0.010801553726196289,
      "relationships": 0.3857543468475342,
      "enhancement": 0.0010004043579101562,
      "statistics": 0.0,
      "api_creation": 0.0
    }
  },
  "timestamp": "2025-08-30T15:05:53.355320"
}